cohort_year,investors,avg_transaction_amount,total_invested,sip_transactions
2024,4803,107422.54183205638,3491125187,19549
2025,197,109158.5770609319,30455243,167
